<?xml version="1.0" encoding="utf-8"?>
	<root realversion="1.9.72.1063.6">
		<item name="UnityData/Managed/Metadata/global-metadata.dat" md5="e187f90d0d0c80a271060e9a5c785ad2" isDiff="0" xxhash="53f81b"/>
		<item name="comlibs/arm64-v8a/liblogic.bytes" md5="813e51af3becd3ec6d6009ab3f045d40" isDiff="0" xxhash="5bacd9"/>
		<item name="comlibs/armeabi-v7a/liblogic.bytes" md5="c640371da5033e0600d220a0426b230b" isDiff="0" xxhash="eec831"/>
		<item name="android/lua/logic.unity3d" md5="a686228ec7b3c8113e5bda006cfe132c" isDiff="1" xxhash="e2f400"/>
		<item name="Art/android/ArtResource.unity3d" md5="814c919ccc258b84e636c9179afbbc97" isDiff="1" xxhash="50ee82"/>
		<item name="nullRefrence/android/nullRefrence.unity3d" md5="3bd0458a733481e811be54ea07c87f5d" isDiff="1" xxhash="04c422"/>
		<item name="comlibs/x86/liblogic.bytes" md5="c9ecd46ad342ab7660855a8fb3b5062d" isDiff="0" xxhash="3da142"/>
		<item name="UI/android/Atlas_Hero_Head.unity3d" md5="7a27cea3f4a717a5f79fcee4d120e0d1" isDiff="1" xxhash="c565af"/>
		<item name="Art/android/ShaderVariants.unity3d" md5="752fca1dcad86c1422a95d103e825092" isDiff="1" xxhash="074419"/>
		<item name="comlibs/arm64-v8a/libAkSoundEngine.bytes" md5="26807bac905c04c07cae4b372458f58b" isDiff="0" xxhash="8925d1"/>
		<item name="comlibs/arm64-v8a/libbattlelogic.bytes" md5="388c556088b1673d540fe0e64d4afb38" isDiff="0" xxhash="31d494"/>
		<item name="comlibs/arm64-v8a/libhades.bytes" md5="1ce3245eb508c782d010ffbced4d0ba3" isDiff="0" xxhash="b0428d"/>
		<item name="comlibs/arm64-v8a/librudp.bytes" md5="4fc2c1c969186309d573f46d96020e94" isDiff="0" xxhash="49fce3"/>
		<item name="comlibs/armeabi-v7a/libAkSoundEngine.bytes" md5="e983f1675b70762b8aeb4e6e4bf0385b" isDiff="0" xxhash="3ddce1"/>
		<item name="comlibs/armeabi-v7a/libbattlelogic.bytes" md5="69a42c003d205efa806c723f2930da5e" isDiff="0" xxhash="ca3b8f"/>
		<item name="comlibs/armeabi-v7a/libhades.bytes" md5="b52f5f2d5967d5c74a9c05717dc09048" isDiff="0" xxhash="03af15"/>
		<item name="comlibs/armeabi-v7a/librudp.bytes" md5="28d4b86509ecb75601b297dda5c34a67" isDiff="0" xxhash="1c1e48"/>
		<item name="comlibs/x86/libAkSoundEngine.bytes" md5="a45b0e7b734b3c809240405a3529f8e1" isDiff="0" xxhash="99ce5e"/>
		<item name="comlibs/x86/libbattlelogic.bytes" md5="e5070e0e31bdf1bb74cf59589a18cc09" isDiff="0" xxhash="074241"/>
		<item name="comlibs/x86/libhades.bytes" md5="2d113d540d401c8301720b59d179924b" isDiff="0" xxhash="fe2e18"/>
		<item name="comlibs/x86/librudp.bytes" md5="33310160517ee8d415bb11ef8b521264" isDiff="0" xxhash="aaad3e"/>
		<item name="UnityData/Managed/Metadata/global-csharp-metadata.dat" md5="669b6887cdbf8069404a6e0a2555d26c" isDiff="0" xxhash="8726ec"/>
		<item name="UnityData/Managed/Metadata/global-first-metadata.dat" md5="584cbd7880d8505f6221b3bfb5c25cfa" isDiff="0" xxhash="870be6"/>
		<item name="comlibs/arm64-v8a/libcsharp.bytes" md5="6ade6770bc64194f6165bc30cc7d6dc4" isDiff="0" xxhash="d5e155"/>
		<item name="comlibs/arm64-v8a/libfirst.bytes" md5="2f03bf0c81c39a6438fb7d1f950a47ee" isDiff="0" xxhash="930c6e"/>
		<item name="comlibs/armeabi-v7a/libcsharp.bytes" md5="61caf75247f6188adc18ba6f95140489" isDiff="0" xxhash="21ae58"/>
		<item name="comlibs/armeabi-v7a/libfirst.bytes" md5="8446a63d006d84782df0e7038add4353" isDiff="0" xxhash="bba1b2"/>
		<item name="comlibs/x86/libcsharp.bytes" md5="ba433486a46cf75c4a672e9f4c44c0db" isDiff="0" xxhash="897c34"/>
		<item name="comlibs/x86/libfirst.bytes" md5="4d2d0ae594fcd39160738c8f7f5f9863" isDiff="0" xxhash="2672f7"/>
		<item name="comlibs/arm64-v8a/liblogin.bytes" md5="f8ebc69c3e14dabcf41d3b5750c20887" xxhash="4e4120" isDiff="0"/>
		<item name="comlibs/armeabi-v7a/liblogin.bytes" md5="0714c25e13dcd93f5216ad4dd1f478f6" xxhash="f9b065" isDiff="0"/>
		<item name="comlibs/x86/liblogin.bytes" md5="765d57e63b7b41882559e996137411b9" xxhash="c67643" isDiff="0"/>
		<item name="comlibs/arm64-v8a/libnativelogin.bytes" md5="7c835791e6f1e283b1877b3c8db7e350" xxhash="07b297" isDiff="0"/>
		<item name="comlibs/armeabi-v7a/libnativelogin.bytes" md5="1c71f0f3e0a0e6ade61d5fb18c02867e" xxhash="c364f4" isDiff="0"/>
		<item name="comlibs/x86/libnativelogin.bytes" md5="3e12d1376785cb5530a8cf6f2484edea" xxhash="259ffa" isDiff="0"/>
		<item name="comlibs/arm64-v8a/libagora-rtc-sdk-jni.bytes" md5="766b1f9fe1ef707c12c21ba5235b209a" xxhash="ec3814" isDiff="0"/>
		<item name="comlibs/arm64-v8a/libagoraSdkCWrapper.bytes" md5="1fe8bd8cf0dec73224c43df70b47cd60" xxhash="5ccce4" isDiff="0"/>
		<item name="comlibs/armeabi-v7a/libagora-rtc-sdk-jni.bytes" md5="2f18e58a125658cb00b6e1636e7f3748" xxhash="da1ed0" isDiff="0"/>
		<item name="comlibs/armeabi-v7a/libagoraSdkCWrapper.bytes" md5="12ad66845626e1c43edd0da55630d360" xxhash="13cbe0" isDiff="0"/>
		<item name="comlibs/x86/libagora-rtc-sdk-jni.bytes" md5="04350761abc36ff588e83ab2a2d16d1e" xxhash="526d5c" isDiff="0"/>
		<item name="comlibs/x86/libagoraSdkCWrapper.bytes" md5="710e5f846db91ce931d3b41e69f3257d" xxhash="fcf16b" isDiff="0"/>
		<item name="nullRefrence/android/BattleConfig.unity3d" md5="ccf8eec8151a6476ac200d64c5de2b1f" xxhash="9a1a2c" isDiff="1"/>
		<item name="nullRefrence/android/BattleFieldOverviewModeExtra.unity3d" md5="df43d535c8a365c412d61f10538a0dfc" xxhash="81c92c" isDiff="1"/>
		<item name="nullRefrence/android/ExtralResConfig.unity3d" md5="97ecc27a7af3aa192af741e26a7b345f" xxhash="3e0cf6" isDiff="1"/>
		<item name="nullRefrence/android/GameResAlternative.unity3d" md5="3ba73980702eec2cd69a00bae3a99f49" xxhash="db595f" isDiff="1"/>
		<item name="nullRefrence/android/GameResConfig.unity3d" md5="c5cd0c1c450b259956756e9f94fae600" xxhash="a73fb1" isDiff="1"/>
		<item name="nullRefrence/android/GuideModeExtra.unity3d" md5="77b4c95722a8f3d6e3c14f10b27813f6" xxhash="39663c" isDiff="1"/>
		<item name="nullRefrence/android/InPackFileVar.unity3d" md5="4f8b198f927f21d9db203f83719f09cf" xxhash="83b9ae" isDiff="1"/>
		<item name="nullRefrence/android/InPackFile_and.unity3d" md5="82a12a489db255a51a3cfa3cc08b88f6" xxhash="9d9c08" isDiff="1"/>
		<item name="nullRefrence/android/InPackFile_and_xxh.unity3d" md5="21a73967286233950167eb66cb32610c" xxhash="39719c" isDiff="1"/>
		<item name="nullRefrence/android/LoadingDownloadRes.unity3d" md5="068d8945ce6e7ee7995a907959deefa3" xxhash="9890df" isDiff="1"/>
		<item name="nullRefrence/android/LoadingDownloadResHigh.unity3d" md5="3e66e3a1c000346356846c6d4b35bea8" xxhash="8b567e" isDiff="1"/>
		<item name="nullRefrence/android/LoadingDownloadResHigh_xxh.unity3d" md5="a90fb820412c087e9210af2749edc828" xxhash="3d64ea" isDiff="1"/>
		<item name="nullRefrence/android/LoadingDownloadRes_xxh.unity3d" md5="b5fd4f9d9cceb169de4c216d9a23e8cb" xxhash="6b6ca8" isDiff="1"/>
		<item name="nullRefrence/android/LoadResMgrHigh_and.unity3d" md5="146fa323a929f8d14aaba739af64c1ea" xxhash="054b8d" isDiff="1"/>
		<item name="nullRefrence/android/LoadResMgrHigh_xxh_and.bytes" md5="913c63c991c50e5aa18625f42582c464" xxhash="7e0c59" isDiff="1"/>
		<item name="nullRefrence/android/LoadResMgrHigh_xxh_and.unity3d" md5="5595b8ece17ca0583ff609fde0ad26ba" xxhash="4a9f82" isDiff="1"/>
		<item name="nullRefrence/android/LoadResMgr_and.unity3d" md5="419b63eb72fef3de3bc682188f3b7ea2" xxhash="6bb1bd" isDiff="1"/>
		<item name="nullRefrence/android/LoadResMgr_xxh_and.bytes" md5="78e6f008f00c9c0e5d0b20fcb670564d" xxhash="821222" isDiff="1"/>
		<item name="nullRefrence/android/LoadResMgr_xxh_and.unity3d" md5="bb9c7aa4d1174dfe71a211f8c51a60ab" xxhash="714b6c" isDiff="1"/>
		<item name="nullRefrence/android/LoadResModuleVersion.unity3d" md5="f4bef11ac9021b633e666e783f7fb4ff" xxhash="497c7e" isDiff="1"/>
		<item name="nullRefrence/android/LoadResModuleVersion_high.unity3d" md5="5be9a3e2a42203e99df238682940e2be" xxhash="a827b7" isDiff="1"/>
		<item name="nullRefrence/android/mode_versions_build.xml" md5="f3186faeded53e3ed287c28dd0689a8d" xxhash="60d54f" isDiff="1"/>
		<item name="nullRefrence/android/ModuleIDConfig.unity3d" md5="a5287f416d3b4aafcec42b3f78ab1947" xxhash="a60d6c" isDiff="1"/>
		<item name="nullRefrence/android/ResCheckConf.unity3d" md5="69bb7429fca248f63f7b252c8935554b" xxhash="5af7f0" isDiff="1"/>
		<item name="nullRefrence/android/ResCheckConf.xml" md5="48051d5591f265efaefb30d22787767f" xxhash="a48df6" isDiff="1"/>
		<item name="comlibs/arm64-v8a/libmlsdk_logreport.bytes" md5="6f1d2e0e9ca48f393a9078d94fae5604" xxhash="2d46a9" isDiff="0"/>
		<item name="comlibs/armeabi-v7a/libmlsdk_logreport.bytes" md5="c1632c9ba950b2ba599c0fe4d86e5c2d" xxhash="623df9" isDiff="0"/>
		<item name="comlibs/x86/libmlsdk_logreport.bytes" md5="e13e6609021df1c147932b1c7d94528f" xxhash="0d8c78" isDiff="0"/>
		<item name="comlibs/x86_64/libunity.bytes" md5="bdc21a53d9bec0d63e0873f3c093dfbf" xxhash="3b6f5e" engineBuildVer="6dca93b4064e28d33a3ea2ea5e0de4b873184a91" isDiff="0"/>
		<item name="comlibs/x86/libunity.bytes" md5="e06079a0a915395b9e5894e019f9fd3c" xxhash="cb1189" engineBuildVer="6dca93b4064e28d33a3ea2ea5e0de4b873184a91" isDiff="0"/>
		<item name="comlibs/arm64-v8a/libunity.bytes" md5="812dabd0adf6a5d5e09a4aebe04d1bf1" xxhash="e2c139" engineBuildVer="6dca93b4064e28d33a3ea2ea5e0de4b873184a91" isDiff="0"/>
		<item name="comlibs/armeabi-v7a/libunity.bytes" md5="fdac3e8308169d210888d2356b1b6f3a" xxhash="64a9b6" engineBuildVer="6dca93b4064e28d33a3ea2ea5e0de4b873184a91" isDiff="0"/>
		<liblogic name="1.9.72.1063.6.49"/>
	</root>
